{
  "roc_auc": 0.8043627450980392,
  "average_precision": 0.8076219864186924,
  "f1": 0.7123055028462998,
  "balanced_accuracy": 0.7170588235294117,
  "matthews_corrcoef": 0.4366713309897438,
  "recall": 0.74,
  "precision": 0.6907011590061126,
  "neg_log_loss": -0.5568969928736724
}