{
  "roc_auc": 0.8868877551020408,
  "average_precision": 0.8655103321232799,
  "f1": 0.6843137254901961,
  "balanced_accuracy": 0.7595238095238095,
  "matthews_corrcoef": 0.5765628618418133,
  "recall": 0.6285714285714287,
  "precision": 0.825,
  "neg_log_loss": -0.4260467207346805
}