{
  "C": 0.822168724787795,
  "kernel": "poly",
  "gamma": 0.03144039102367329,
  "degree": 3,
  "coef0": 0.7624520833118491
}