{
  "C": 0.9005319392509474,
  "kernel": "poly",
  "gamma": 0.039994527193427956,
  "degree": 3,
  "coef0": 0.8112263321812748
}