{
  "C": 0.5834741379189169,
  "kernel": "poly",
  "gamma": 0.0356390749469187,
  "degree": 3,
  "coef0": 0.1913744014878524
}