{
  "C": 0.0665301622964269,
  "kernel": "sigmoid",
  "gamma": 2.8697688001083947,
  "degree": 4,
  "coef0": -0.9921079176357273
}