{
  "roc_auc": 0.8784126984126985,
  "average_precision": 0.7806391791166226,
  "f1": 0.36492063492063487,
  "balanced_accuracy": 0.6116666666666667,
  "matthews_corrcoef": 0.39665344399060853,
  "recall": 0.2333333333333333,
  "precision": 0.9333333333333333,
  "neg_log_loss": -0.4772874758974222
}