{
  "roc_auc": 0.685503166783955,
  "average_precision": 0.7814724670379896,
  "f1": 0.6528337236533956,
  "balanced_accuracy": 0.610886699507389,
  "matthews_corrcoef": 0.22431940621564078,
  "recall": 0.6317733990147784,
  "precision": 0.685780089346008,
  "neg_log_loss": -0.6592492936058918
}