{
  "roc_auc": 0.8117839292579777,
  "average_precision": 0.7027267374380257,
  "f1": 0.6491155902920609,
  "balanced_accuracy": 0.7366013071895423,
  "matthews_corrcoef": 0.467812823217148,
  "recall": 0.673202614379085,
  "precision": 0.6316622103386809,
  "neg_log_loss": -0.5108830621139274
}