{
  "C": 6.666844323441196,
  "kernel": "rbf",
  "gamma": 0.11077497523415934,
  "degree": 4,
  "coef0": 0.11815254755406673
}