{
  "roc_auc": 0.8312684566807504,
  "average_precision": 0.6303597560416596,
  "f1": 0.3653504426727053,
  "balanced_accuracy": 0.6099760280287664,
  "matthews_corrcoef": 0.3606725416815895,
  "recall": 0.24064171122994654,
  "precision": 0.7766594516594517,
  "neg_log_loss": -0.4762598912374517
}