{
  "C": 13.607764448647982,
  "kernel": "poly",
  "gamma": 0.012376829941645524,
  "degree": 3,
  "coef0": 0.2971698203372962
}