{
  "C": 0.018468595259996102,
  "kernel": "poly",
  "gamma": 0.10237635699249914,
  "degree": 3,
  "coef0": -0.20733062635170751
}