{
  "roc_auc": 0.7425925925925926,
  "average_precision": 0.4258419046168592,
  "f1": 0.513986013986014,
  "balanced_accuracy": 0.7028439153439153,
  "matthews_corrcoef": 0.34914962995703497,
  "recall": 0.725,
  "precision": 0.40247432306255837,
  "neg_log_loss": -0.5000045133713564
}