{
  "C": 0.3846153470416193,
  "kernel": "poly",
  "gamma": 0.058386516643012795,
  "degree": 3,
  "coef0": -0.26556914373561963
}