{
  "C": 0.13178806187896017,
  "kernel": "sigmoid",
  "gamma": 1.8590887205038067,
  "degree": 5,
  "coef0": -0.9149795916577066
}