{
  "C": 0.0013470853874774514,
  "kernel": "sigmoid",
  "gamma": 0.06448731660724721,
  "degree": 6,
  "coef0": 1.0
}