{
  "C": 1.268671221190774,
  "kernel": "rbf",
  "gamma": 0.032321046839930076,
  "degree": 3,
  "coef0": 0.20941801305069
}