{
  "roc_auc": 0.8223310291858681,
  "average_precision": 0.46490932804711954,
  "f1": 0.3998353459406091,
  "balanced_accuracy": 0.6919674859190987,
  "matthews_corrcoef": 0.3160266870908863,
  "recall": 0.525,
  "precision": 0.32771111241699474,
  "neg_log_loss": -0.3056713316409451
}