{
  "C": 0.012398294514268396,
  "kernel": "linear",
  "gamma": 0.00021152667424519228,
  "degree": 5,
  "coef0": -0.27106057108918646
}