{
  "C": 17.604993025450646,
  "kernel": "rbf",
  "gamma": 0.1371283879226298,
  "degree": 3,
  "coef0": 0.5266902038727832
}