{
  "roc_auc": 0.9305688700126964,
  "average_precision": 0.9716227019703831,
  "f1": 0.8643296957045111,
  "balanced_accuracy": 0.8373676138470355,
  "matthews_corrcoef": 0.612632525051211,
  "recall": 0.794305120167189,
  "precision": 0.9515324758897427,
  "neg_log_loss": -0.3670713186869685
}