{
  "roc_auc": 0.8155286865813182,
  "average_precision": 0.971837017431732,
  "f1": 0.696712145249427,
  "balanced_accuracy": 0.7253200568990043,
  "matthews_corrcoef": 0.24170562974064405,
  "recall": 0.5506401137980085,
  "precision": 0.984,
  "neg_log_loss": -0.2726179268612803
}