{
  "C": 0.9962984897733358,
  "kernel": "poly",
  "gamma": 0.02608392129833678,
  "degree": 3,
  "coef0": 0.251611690485093
}