{
  "roc_auc": 0.8930109059496815,
  "average_precision": 0.9460773078571136,
  "f1": 0.8486576992265757,
  "balanced_accuracy": 0.7707052154195011,
  "matthews_corrcoef": 0.5563058094946376,
  "recall": 0.8707755102040817,
  "precision": 0.8286368752068851,
  "neg_log_loss": -0.41417088359258186
}