{
  "roc_auc": 0.7348727053572882,
  "average_precision": 0.3895654117976431,
  "f1": 0.4284441104511306,
  "balanced_accuracy": 0.6740576287198867,
  "matthews_corrcoef": 0.2952304863165355,
  "recall": 0.5517241379310345,
  "precision": 0.351339492347891,
  "neg_log_loss": -0.4242027609547113
}