{
  "C": 0.22496969392913688,
  "kernel": "poly",
  "gamma": 0.08137961103792063,
  "degree": 3,
  "coef0": 0.6988335189976377
}