{
  "roc_auc": 0.8897448979591838,
  "average_precision": 0.8598749960357102,
  "f1": 0.640686274509804,
  "balanced_accuracy": 0.7377380952380952,
  "matthews_corrcoef": 0.4729016905844493,
  "recall": 0.6821428571428572,
  "precision": 0.6394444444444444,
  "neg_log_loss": -0.4753243183680754
}