{
  "roc_auc": 0.8873639455782312,
  "average_precision": 0.8451935168006596,
  "f1": 0.6679144385026738,
  "balanced_accuracy": 0.7523809523809524,
  "matthews_corrcoef": 0.5426409766502048,
  "recall": 0.6571428571428573,
  "precision": 0.7628571428571429,
  "neg_log_loss": -0.4386846592658424
}