{
  "roc_auc": 0.8063725490196078,
  "average_precision": 0.7890903940177421,
  "f1": 0.7583288153971266,
  "balanced_accuracy": 0.7661029411764707,
  "matthews_corrcoef": 0.5346403052695529,
  "recall": 0.7675000000000001,
  "precision": 0.7536588738059327,
  "neg_log_loss": -0.5846028947230272
}