{
  "roc_auc": 0.8345102008414702,
  "average_precision": 0.6526566934928355,
  "f1": 0.6343409247757072,
  "balanced_accuracy": 0.7661275171337091,
  "matthews_corrcoef": 0.4867481032784274,
  "recall": 0.760233918128655,
  "precision": 0.5449226699226699,
  "neg_log_loss": -0.43266881356051334
}