{
  "roc_auc": 0.6694256484365404,
  "average_precision": 0.5019009491898919,
  "f1": 0.5298980865075029,
  "balanced_accuracy": 0.6344119451346416,
  "matthews_corrcoef": 0.268404999969181,
  "recall": 0.5417547568710359,
  "precision": 0.524406015037594,
  "neg_log_loss": -0.623196632666289
}