{
  "roc_auc": 0.8774278416347382,
  "average_precision": 0.9502173569540899,
  "f1": 0.8773300266917424,
  "balanced_accuracy": 0.6894252873563218,
  "matthews_corrcoef": 0.4459057209981684,
  "recall": 0.9255172413793102,
  "precision": 0.839000626566416,
  "neg_log_loss": -0.40569123191028733
}