{
  "C": 0.007120182538563646,
  "kernel": "poly",
  "gamma": 0.0005220905364712849,
  "degree": 6,
  "coef0": 0.36996229198707065
}