{
  "roc_auc": 0.8261904761904763,
  "average_precision": 0.5131028693528693,
  "f1": 0.27586206896551724,
  "balanced_accuracy": 0.5,
  "matthews_corrcoef": 0.0,
  "recall": 1.0,
  "precision": 0.16,
  "neg_log_loss": -0.44644839590133156
}