{
  "C": 65.70029762726287,
  "kernel": "rbf",
  "gamma": 0.007477515185189676,
  "degree": 4,
  "coef0": -0.269105507488452
}