{
  "C": 0.5256147867217017,
  "kernel": "poly",
  "gamma": 0.020039978856181324,
  "degree": 3,
  "coef0": 0.17106474197864488
}