{
  "C": 27.546702502393465,
  "kernel": "rbf",
  "gamma": 0.013115679862483288,
  "degree": 5,
  "coef0": -0.13785150068294091
}