{
  "roc_auc": 0.9081998758535071,
  "average_precision": 0.9987263238606046,
  "f1": 0.9859562939769789,
  "balanced_accuracy": 0.7555276225946617,
  "matthews_corrcoef": 0.32487003199516257,
  "recall": 0.97772191185599,
  "precision": 0.9943497787129072,
  "neg_log_loss": -0.060398973002738755
}