{
  "C": 3.9926597926117937,
  "kernel": "rbf",
  "gamma": 0.0561900414320921,
  "degree": 5,
  "coef0": -0.7234622312905095
}