{
  "C": 0.7211114313126739,
  "kernel": "rbf",
  "gamma": 0.08067596521030931,
  "degree": 3,
  "coef0": 0.6115597975755959
}