{
  "roc_auc": 0.8585113000207342,
  "average_precision": 0.5460490817962412,
  "f1": 0.4772960372960373,
  "balanced_accuracy": 0.6926549865229111,
  "matthews_corrcoef": 0.4193365412670735,
  "recall": 0.4428571428571428,
  "precision": 0.5283333333333333,
  "neg_log_loss": -0.296248975904845
}