{
  "roc_auc": 0.8062615955473097,
  "average_precision": 0.46926315323918083,
  "f1": 0.40267055598863377,
  "balanced_accuracy": 0.7168831168831169,
  "matthews_corrcoef": 0.3246080521014082,
  "recall": 0.625,
  "precision": 0.3019050299545656,
  "neg_log_loss": -0.3145938325004015
}