{
  "C": 0.009240400244576591,
  "kernel": "rbf",
  "gamma": 1.0045823149297566,
  "degree": 5,
  "coef0": 0.8593899018800261
}