{
  "C": 33.47682620195132,
  "kernel": "linear",
  "gamma": 49.54070489284524,
  "degree": 5,
  "coef0": 0.9899576617437351
}