{
  "roc_auc": 0.8842569786535304,
  "average_precision": 0.570494227994228,
  "f1": 0.4833333333333333,
  "balanced_accuracy": 0.7407224958949097,
  "matthews_corrcoef": 0.4502512485902878,
  "recall": 0.5666666666666667,
  "precision": 0.5057142857142857,
  "neg_log_loss": -0.3201793842453675
}