{
  "C": 3.5077555593089755,
  "kernel": "linear",
  "gamma": 3.760334940783712,
  "degree": 6,
  "coef0": -0.5532922497661313
}