{
  "C": 0.00392351308540845,
  "kernel": "poly",
  "gamma": 0.15137794804757312,
  "degree": 3,
  "coef0": -0.22510677329763623
}