{
  "roc_auc": 0.7426587301587302,
  "average_precision": 0.43955949938379035,
  "f1": 0.5092171717171717,
  "balanced_accuracy": 0.6928571428571428,
  "matthews_corrcoef": 0.3367086816296785,
  "recall": 0.75,
  "precision": 0.39583333333333337,
  "neg_log_loss": -0.4963544205166405
}