{
  "C": 1.825235215310911,
  "kernel": "rbf",
  "gamma": 0.6166118503395596,
  "degree": 6,
  "coef0": 0.14997223172605872
}