{
  "C": 905.255533724358,
  "kernel": "sigmoid",
  "gamma": 10.463775990748017,
  "degree": 6,
  "coef0": -0.9657955029031153
}