{
  "C": 51.86500111749202,
  "kernel": "rbf",
  "gamma": 0.012697787676395426,
  "degree": 3,
  "coef0": -0.06922550981538954
}