{
  "C": 0.006537180826072238,
  "kernel": "poly",
  "gamma": 0.06255365241463882,
  "degree": 4,
  "coef0": 0.3810118358550536
}