{
  "C": 932.6355290896496,
  "kernel": "sigmoid",
  "gamma": 0.0003303134269751293,
  "degree": 2,
  "coef0": -0.984777363670021
}