{
  "C": 59.83863919381514,
  "kernel": "rbf",
  "gamma": 0.0035501832364945784,
  "degree": 2,
  "coef0": 1.0
}