{
  "C": 0.008653807142669537,
  "kernel": "poly",
  "gamma": 0.03396936541081325,
  "degree": 5,
  "coef0": 0.05155647579553902
}