{
  "C": 0.2821524007298579,
  "kernel": "rbf",
  "gamma": 0.6157517389902161,
  "degree": 4,
  "coef0": -0.07460697154675715
}