{
  "roc_auc": 0.8204764947864,
  "average_precision": 0.8132886657651305,
  "f1": 0.7247056177617958,
  "balanced_accuracy": 0.7137105162791937,
  "matthews_corrcoef": 0.43779879461289717,
  "recall": 0.8322362621216574,
  "precision": 0.6446994733777983,
  "neg_log_loss": -0.537714710666868
}