{
  "C": 0.1651248610642362,
  "kernel": "sigmoid",
  "gamma": 0.5364688413371985,
  "degree": 2,
  "coef0": -0.5313697146655341
}