{
  "C": 0.4712925066770038,
  "kernel": "poly",
  "gamma": 0.04181894661751791,
  "degree": 3,
  "coef0": 0.1034633404510715
}