{
  "C": 0.06725641195045762,
  "kernel": "poly",
  "gamma": 0.049381627809037834,
  "degree": 3,
  "coef0": -0.13322365825727023
}