{
  "roc_auc": 0.8284787708186723,
  "average_precision": 0.898048416353096,
  "f1": 0.3262733949301113,
  "balanced_accuracy": 0.5492857142857144,
  "matthews_corrcoef": 0.13439606596365997,
  "recall": 0.37857142857142856,
  "precision": 0.28703296703296705,
  "neg_log_loss": -0.6412625431438087
}