{
  "roc_auc": 0.9018901303538176,
  "average_precision": 0.998640769576892,
  "f1": 0.967175059852444,
  "balanced_accuracy": 0.819913097454997,
  "matthews_corrcoef": 0.27179979437717466,
  "recall": 0.9398261949099938,
  "precision": 0.9965378151260504,
  "neg_log_loss": -0.05812203301406772
}