{
  "roc_auc": 0.7955332776385408,
  "average_precision": 0.793559682380292,
  "f1": 0.6958766233766233,
  "balanced_accuracy": 0.7263366750208855,
  "matthews_corrcoef": 0.46006984623307384,
  "recall": 0.6836257309941521,
  "precision": 0.7233193277310923,
  "neg_log_loss": -0.5796726505558228
}