{
  "roc_auc": 0.7958216845878135,
  "average_precision": 0.6728054454978942,
  "f1": 0.652603913062724,
  "balanced_accuracy": 0.7410618279569892,
  "matthews_corrcoef": 0.47143690746232786,
  "recall": 0.7275,
  "precision": 0.6054989716166187,
  "neg_log_loss": -0.6009994029379099
}