{
  "C": 1.4182516739289233,
  "kernel": "linear",
  "gamma": 3.937654473871542,
  "degree": 2,
  "coef0": 0.9644342395527717
}