{
  "roc_auc": 0.8754926108374385,
  "average_precision": 0.549264705882353,
  "f1": 0.44761904761904764,
  "balanced_accuracy": 0.7301313628899836,
  "matthews_corrcoef": 0.40004461768333216,
  "recall": 0.5666666666666667,
  "precision": 0.419047619047619,
  "neg_log_loss": -0.3118733423605631
}