{
  "C": 0.445111367248286,
  "kernel": "rbf",
  "gamma": 0.006039357212581951,
  "degree": 4,
  "coef0": 0.43317184238664264
}