{
  "C": 8.42501736000484,
  "kernel": "rbf",
  "gamma": 1.7825009894011983,
  "degree": 4,
  "coef0": 0.5407607409946609
}