{
  "C": 5.911961018717424,
  "kernel": "rbf",
  "gamma": 0.008998396953346933,
  "degree": 4,
  "coef0": -0.0875405705556328
}