{
  "roc_auc": 0.8126808905380333,
  "average_precision": 0.4625897521792127,
  "f1": 0.37263273125342095,
  "balanced_accuracy": 0.7233766233766233,
  "matthews_corrcoef": 0.30122981252268166,
  "recall": 0.7571428571428571,
  "precision": 0.24831380163187947,
  "neg_log_loss": -0.30743181844020073
}