{
  "roc_auc": 0.8003744031487934,
  "average_precision": 0.864725981435957,
  "f1": 0.7626419679166615,
  "balanced_accuracy": 0.746486643437863,
  "matthews_corrcoef": 0.4842153255097557,
  "recall": 0.7048780487804878,
  "precision": 0.8320670995670996,
  "neg_log_loss": -0.5370612719833066
}