{
  "C": 0.0020490058363543447,
  "kernel": "poly",
  "gamma": 4.753472609890237,
  "degree": 2,
  "coef0": 0.9445586410697369
}