{
  "roc_auc": 0.8201576472402097,
  "average_precision": 0.6876083753856715,
  "f1": 0.6103989703989704,
  "balanced_accuracy": 0.745291011409189,
  "matthews_corrcoef": 0.496808518411354,
  "recall": 0.6191666666666666,
  "precision": 0.6360975969335103,
  "neg_log_loss": -0.4307052124124441
}