{
  "C": 0.012166002532250428,
  "kernel": "linear",
  "gamma": 0.027580245062453986,
  "degree": 5,
  "coef0": 0.28496835353404204
}