{
  "C": 0.9239496622653204,
  "kernel": "rbf",
  "gamma": 1.3355196734548025,
  "degree": 3,
  "coef0": 0.26951672526857634
}