{
  "roc_auc": 0.7690299007422295,
  "average_precision": 0.4469276283953926,
  "f1": 0.3949178187403994,
  "balanced_accuracy": 0.6424516493009643,
  "matthews_corrcoef": 0.27808780831392793,
  "recall": 0.40952380952380957,
  "precision": 0.38755884638237575,
  "neg_log_loss": -0.40001531660950135
}