{
  "C": 908.9907999378783,
  "kernel": "sigmoid",
  "gamma": 0.012808815393572977,
  "degree": 2,
  "coef0": -0.3522236320346816
}