{
  "C": 0.11992192088203735,
  "kernel": "sigmoid",
  "gamma": 0.07015237153817701,
  "degree": 6,
  "coef0": -0.7888411414753672
}