{
  "C": 593.6202876240257,
  "kernel": "linear",
  "gamma": 2.5618056492615955e-05,
  "degree": 2,
  "coef0": 0.14505562829072083
}