{
  "roc_auc": 0.8619047619047618,
  "average_precision": 0.5766865079365079,
  "f1": 0.5225210084033614,
  "balanced_accuracy": 0.7976190476190477,
  "matthews_corrcoef": 0.4593254861236712,
  "recall": 0.9,
  "precision": 0.3780769230769231,
  "neg_log_loss": -0.34351290465602735
}