{
  "roc_auc": 0.7986723565670935,
  "average_precision": 0.9714513929410963,
  "f1": 0.7102995281627277,
  "balanced_accuracy": 0.7553698435277383,
  "matthews_corrcoef": 0.27766763873946354,
  "recall": 0.5607396870554766,
  "precision": 0.9904761904761905,
  "neg_log_loss": -0.26915912139123965
}