{
  "C": 26.48564146529545,
  "kernel": "rbf",
  "gamma": 0.05396749717415925,
  "degree": 4,
  "coef0": 0.36908135845483653
}