{
  "roc_auc": 0.8098958333333334,
  "average_precision": 0.6588820127143256,
  "f1": 0.5713131313131313,
  "balanced_accuracy": 0.7030303030303031,
  "matthews_corrcoef": 0.41852189936361983,
  "recall": 0.5666666666666667,
  "precision": 0.595,
  "neg_log_loss": -0.4789477810488248
}