{
  "roc_auc": 0.8103720508166969,
  "average_precision": 0.8597730847252795,
  "f1": 0.7711344211344212,
  "balanced_accuracy": 0.7031241897848068,
  "matthews_corrcoef": 0.4308601305391928,
  "recall": 0.8009852216748768,
  "precision": 0.7532896784444774,
  "neg_log_loss": -0.5467954723980256
}