{
  "C": 0.15482496856117545,
  "kernel": "rbf",
  "gamma": 0.25796455154248227,
  "degree": 4,
  "coef0": 0.5725080532661249
}