{
  "roc_auc": 0.8305739109055098,
  "average_precision": 0.6326590162558218,
  "f1": 0.5300057183375648,
  "balanced_accuracy": 0.6932825966695797,
  "matthews_corrcoef": 0.4271205375714066,
  "recall": 0.46951871657754013,
  "precision": 0.614981933742545,
  "neg_log_loss": -0.41959240348085036
}