{
  "C": 1.5342746911476286,
  "kernel": "linear",
  "gamma": 4.04470957271126,
  "degree": 3,
  "coef0": 0.888289484993379
}