{
  "roc_auc": 0.7242191976487391,
  "average_precision": 0.4173147752521924,
  "f1": 0.1600206077939873,
  "balanced_accuracy": 0.539570992567597,
  "matthews_corrcoef": 0.18134678020532374,
  "recall": 0.09587482219061166,
  "precision": 0.6402020202020202,
  "neg_log_loss": -0.5073679307455681
}