{
  "roc_auc": 0.860573130268854,
  "average_precision": 0.9111661398745623,
  "f1": 0.8476831874135229,
  "balanced_accuracy": 0.7330535144679882,
  "matthews_corrcoef": 0.5290682482647355,
  "recall": 0.9322055137844611,
  "precision": 0.7776407629928757,
  "neg_log_loss": -0.45428557230777883
}