{
  "C": 0.06637482292265244,
  "kernel": "rbf",
  "gamma": 0.0029778442186406367,
  "degree": 5,
  "coef0": 0.4773750765858663
}