{
  "roc_auc": 0.7942120121648311,
  "average_precision": 0.4345823914137643,
  "f1": 0.4391920163014308,
  "balanced_accuracy": 0.7055056765172719,
  "matthews_corrcoef": 0.3319173713992135,
  "recall": 0.6181818181818182,
  "precision": 0.3462795142871044,
  "neg_log_loss": -0.3646579249031011
}