{
  "C": 1.3153521152998564,
  "kernel": "linear",
  "gamma": 1.1337560292710999e-05,
  "degree": 2,
  "coef0": -0.998008073607266
}