{
  "C": 0.19790807216665038,
  "kernel": "rbf",
  "gamma": 4.896588157583978,
  "degree": 3,
  "coef0": -0.2647382610948693
}