{
  "roc_auc": 0.8089316239316238,
  "average_precision": 0.8578147204730915,
  "f1": 0.653024154589372,
  "balanced_accuracy": 0.6834615384615386,
  "matthews_corrcoef": 0.37974886955951515,
  "recall": 0.5935897435897436,
  "precision": 0.7845654345654346,
  "neg_log_loss": -0.5719411248103666
}