{
  "C": 0.28464347802121914,
  "kernel": "poly",
  "gamma": 0.043730065944991,
  "degree": 3,
  "coef0": -0.10360674307673211
}