{
  "roc_auc": 0.827435924971363,
  "average_precision": 0.29870210815897325,
  "f1": 0.33714285714285713,
  "balanced_accuracy": 0.6729596219931271,
  "matthews_corrcoef": 0.3224314403231438,
  "recall": 0.36666666666666664,
  "precision": 0.31666666666666665,
  "neg_log_loss": -0.09554264166157114
}