{
  "C": 0.002261868723003601,
  "kernel": "linear",
  "gamma": 13.469322486919333,
  "degree": 6,
  "coef0": -0.03463850678787999
}