{
  "roc_auc": 0.824085470633667,
  "average_precision": 0.6338462635976759,
  "f1": 0.5601575098000052,
  "balanced_accuracy": 0.724113825440221,
  "matthews_corrcoef": 0.4287536955153506,
  "recall": 0.6019607843137255,
  "precision": 0.5289779326364693,
  "neg_log_loss": -0.40472440845982227
}