{
  "roc_auc": 0.8761904761904763,
  "average_precision": 0.6646500721500722,
  "f1": 0.5756843156843157,
  "balanced_accuracy": 0.7785714285714285,
  "matthews_corrcoef": 0.5006425922099207,
  "recall": 0.7,
  "precision": 0.519047619047619,
  "neg_log_loss": -0.49830903176855834
}