{
  "roc_auc": 0.8800000000000001,
  "average_precision": 0.7792791502565937,
  "f1": 0.42714285714285716,
  "balanced_accuracy": 0.6402380952380952,
  "matthews_corrcoef": 0.4444625883639842,
  "recall": 0.29047619047619044,
  "precision": 0.9333333333333333,
  "neg_log_loss": -0.4633372470234707
}