{
  "C": 1.2057474998740285,
  "kernel": "poly",
  "gamma": 0.01821478241221551,
  "degree": 4,
  "coef0": 0.07868350991904917
}