{
  "C": 0.005393570804564523,
  "kernel": "linear",
  "gamma": 8.123042248340282,
  "degree": 5,
  "coef0": 0.2431193790505999
}