{
  "roc_auc": 0.8297781590488178,
  "average_precision": 0.6383850416753648,
  "f1": 0.5814579698531381,
  "balanced_accuracy": 0.737070983224965,
  "matthews_corrcoef": 0.458584357944699,
  "recall": 0.6140819964349375,
  "precision": 0.5576659113244478,
  "neg_log_loss": -0.40418283654615
}