{
  "roc_auc": 0.8200544148023005,
  "average_precision": 0.8287777963430815,
  "f1": 0.7263109396831212,
  "balanced_accuracy": 0.7352868376792889,
  "matthews_corrcoef": 0.4712398242533925,
  "recall": 0.7615927123126651,
  "precision": 0.6966023872111011,
  "neg_log_loss": -0.5375210782253633
}