{
  "roc_auc": 0.8315033926886823,
  "average_precision": 0.6348768777355082,
  "f1": 0.5390303474068677,
  "balanced_accuracy": 0.6990998484714861,
  "matthews_corrcoef": 0.44090099762231977,
  "recall": 0.47593582887700536,
  "precision": 0.6292581284414316,
  "neg_log_loss": -0.44182530455118574
}