{
  "C": 1.226918576878841,
  "kernel": "rbf",
  "gamma": 0.03194085606426305,
  "degree": 4,
  "coef0": -0.0705533584726172
}