{
  "C": 0.5784516965130079,
  "kernel": "rbf",
  "gamma": 0.09809777723694481,
  "degree": 2,
  "coef0": 0.11232631327714925
}