{
  "roc_auc": 0.7147291355610541,
  "average_precision": 0.37076893476324935,
  "f1": 0.4122520961027421,
  "balanced_accuracy": 0.641937513457038,
  "matthews_corrcoef": 0.2335349105834315,
  "recall": 0.606827880512091,
  "precision": 0.3148987882228865,
  "neg_log_loss": -0.4524004568818323
}