{
  "C": 10.765930440993142,
  "kernel": "rbf",
  "gamma": 0.08850746712683416,
  "degree": 3,
  "coef0": 0.32986949575360075
}