{
  "roc_auc": 0.8351287343547404,
  "average_precision": 0.6560809531312183,
  "f1": 0.6319729793688015,
  "balanced_accuracy": 0.7659138419200338,
  "matthews_corrcoef": 0.48312895211284984,
  "recall": 0.7713450292397661,
  "precision": 0.5358773946360154,
  "neg_log_loss": -0.4336827834939278
}