{
  "C": 0.012381143523567404,
  "kernel": "linear",
  "gamma": 0.00028992136153120363,
  "degree": 4,
  "coef0": -0.23290864488355079
}