{
  "C": 2.400512108763299,
  "kernel": "rbf",
  "gamma": 0.09897973127145858,
  "degree": 4,
  "coef0": 0.10732336816720801
}