{
  "C": 0.03901710263781444,
  "kernel": "linear",
  "gamma": 0.452297142378863,
  "degree": 4,
  "coef0": -0.42581178217494253
}