{
  "roc_auc": 0.8651835317460318,
  "average_precision": 0.5757068235919378,
  "f1": 0.3350975329890993,
  "balanced_accuracy": 0.5730902777777778,
  "matthews_corrcoef": 0.18551743110992439,
  "recall": 0.7555555555555555,
  "precision": 0.35764179051850287,
  "neg_log_loss": -0.38934900673648015
}