{
  "C": 0.002424128539117788,
  "kernel": "rbf",
  "gamma": 3.2092424324206164,
  "degree": 5,
  "coef0": -0.7565758934351752
}