{
  "roc_auc": 0.8094696969696968,
  "average_precision": 0.6759028015538796,
  "f1": 0.5878163578708043,
  "balanced_accuracy": 0.7175189393939394,
  "matthews_corrcoef": 0.45134278759016516,
  "recall": 0.5833333333333333,
  "precision": 0.6249299719887954,
  "neg_log_loss": -0.47332863961227245
}