{
  "roc_auc": 0.8023504273504274,
  "average_precision": 0.8553972577615111,
  "f1": 0.7092804739120527,
  "balanced_accuracy": 0.7258974358974359,
  "matthews_corrcoef": 0.461840538170342,
  "recall": 0.6384615384615385,
  "precision": 0.8351282051282052,
  "neg_log_loss": -0.5669589154481397
}