{
  "C": 0.008629132190071852,
  "kernel": "linear",
  "gamma": 11.56732719914597,
  "degree": 4,
  "coef0": 0.416145155592091
}