{
  "roc_auc": 0.8452380952380952,
  "average_precision": 0.5709700387331967,
  "f1": 0.5374603174603173,
  "balanced_accuracy": 0.7642857142857142,
  "matthews_corrcoef": 0.45913618809551016,
  "recall": 0.7,
  "precision": 0.46833333333333327,
  "neg_log_loss": -0.370851324883955
}