{
  "C": 0.21883075243028044,
  "kernel": "poly",
  "gamma": 0.052427975497520624,
  "degree": 3,
  "coef0": 0.022761343386494614
}