{
  "roc_auc": 0.8466633299966633,
  "average_precision": 0.7557084660186282,
  "f1": 0.7330996930996931,
  "balanced_accuracy": 0.8038288288288289,
  "matthews_corrcoef": 0.5911240666468589,
  "recall": 0.788888888888889,
  "precision": 0.6881123262702211,
  "neg_log_loss": -0.5295540336376282
}