{
  "roc_auc": 0.7146224087480455,
  "average_precision": 0.3703557964355447,
  "f1": 0.4141469760842618,
  "balanced_accuracy": 0.6432787698237614,
  "matthews_corrcoef": 0.2355531592788287,
  "recall": 0.6120910384068279,
  "precision": 0.31554467165064687,
  "neg_log_loss": -0.45253578195790095
}